product_id,warehouse_id,current_stock,safety_stock,last_restock_date,next_restock_date
P0063,W02,38,11,2025-02-01,2025-05-27
P0096,W04,434,97,2025-01-13,2025-05-09
P0052,W04,197,81,2025-03-04,2025-05-11
P0096,W04,133,20,2025-01-15,2025-06-01
P0004,W04,66,73,2025-04-27,2025-05-17
P0094,W01,390,86,2025-02-14,2025-05-28
P0023,W03,178,90,2025-01-30,2025-05-09
P0015,W01,455,81,2025-02-11,2025-06-02
P0043,W05,41,30,2025-01-21,2025-05-11
P0029,W05,447,27,2025-04-07,2025-06-02
P0036,W01,499,73,2025-03-17,2025-05-11
P0013,W01,14,91,2025-03-29,2025-05-22
P0032,W02,110,47,2025-04-18,2025-05-26
P0071,W01,156,41,2025-01-30,2025-05-30
P0059,W02,288,20,2025-03-27,2025-05-26
P0086,W02,499,54,2025-02-12,2025-06-01
P0028,W05,477,98,2025-03-21,2025-05-19
P0066,W04,230,42,2025-01-16,2025-05-26
P0042,W02,410,50,2025-04-12,2025-05-13
P0045,W03,419,17,2025-03-14,2025-05-24
P0062,W05,156,20,2025-03-20,2025-05-09
P0057,W05,37,95,2025-02-20,2025-05-24
P0006,W03,440,60,2025-03-03,2025-06-03
P0028,W02,96,97,2025-03-20,2025-05-17
P0028,W01,484,50,2025-03-01,2025-05-28
P0044,W04,410,26,2025-02-08,2025-05-29
P0084,W02,438,85,2025-04-11,2025-05-11
P0030,W04,288,55,2025-03-02,2025-05-30
P0062,W02,253,41,2025-01-27,2025-05-19
P0075,W01,195,88,2025-01-15,2025-06-04
P0092,W04,85,89,2025-03-09,2025-06-03
P0089,W01,321,63,2025-04-23,2025-06-06
P0062,W05,9,95,2025-03-12,2025-05-27
P0097,W01,4,29,2025-01-16,2025-05-28
P0001,W04,122,42,2025-03-13,2025-05-27
P0027,W04,329,83,2025-04-11,2025-05-18
P0062,W02,352,49,2025-03-01,2025-05-21
P0077,W01,117,41,2025-02-11,2025-05-21
P0003,W02,293,11,2025-03-18,2025-05-17
P0070,W04,396,42,2025-01-10,2025-05-15
P0072,W01,158,86,2025-03-30,2025-05-10
P0027,W04,302,39,2025-03-26,2025-05-30
P0009,W04,227,42,2025-01-16,2025-05-17
P0062,W01,364,86,2025-03-04,2025-06-06
P0037,W02,215,35,2025-03-24,2025-05-29
P0097,W05,435,31,2025-03-28,2025-05-31
P0051,W02,183,75,2025-03-24,2025-05-09
P0044,W05,14,47,2025-02-25,2025-05-28
P0024,W03,156,99,2025-03-29,2025-05-30
P0079,W03,135,55,2025-01-28,2025-05-17
P0059,W02,260,24,2025-01-12,2025-05-14
P0032,W04,156,53,2025-03-03,2025-06-04
P0096,W03,46,58,2025-03-31,2025-05-20
P0088,W02,323,84,2025-02-19,2025-05-11
P0052,W03,331,70,2025-04-24,2025-05-23
P0062,W02,172,76,2025-01-27,2025-05-13
P0058,W03,129,15,2025-02-28,2025-06-04
P0052,W04,410,18,2025-02-02,2025-05-24
P0012,W04,94,15,2025-03-04,2025-06-02
P0039,W01,114,82,2025-02-20,2025-06-03
P0002,W02,242,41,2025-02-25,2025-05-24
P0003,W05,419,50,2025-03-29,2025-05-26
P0056,W04,291,85,2025-03-02,2025-06-03
P0081,W01,281,17,2025-01-13,2025-05-23
P0059,W02,298,81,2025-04-16,2025-06-03
P0002,W03,282,59,2025-04-20,2025-05-17
P0002,W01,68,71,2025-04-02,2025-06-05
P0092,W05,147,93,2025-04-14,2025-05-21
P0054,W05,10,71,2025-01-10,2025-06-03
P0087,W02,253,16,2025-03-07,2025-05-18
P0096,W04,329,84,2025-04-16,2025-05-27
P0097,W03,359,93,2025-02-09,2025-05-12
P0001,W03,37,89,2025-01-24,2025-05-21
P0019,W01,133,13,2025-04-03,2025-05-16
P0002,W05,199,15,2025-04-18,2025-05-17
P0053,W05,22,67,2025-01-23,2025-05-23
P0044,W02,302,31,2025-03-09,2025-05-30
P0090,W04,345,35,2025-03-18,2025-05-15
P0032,W02,301,12,2025-01-12,2025-06-02
P0070,W05,362,50,2025-04-05,2025-05-12
P0032,W03,395,69,2025-01-19,2025-06-04
P0068,W01,217,23,2025-02-20,2025-06-03
P0055,W01,140,84,2025-04-04,2025-06-04
P0075,W04,103,91,2025-04-16,2025-05-28
P0056,W02,445,21,2025-04-26,2025-05-12
P0017,W02,209,96,2025-02-25,2025-06-05
P0038,W02,472,21,2025-01-22,2025-05-14
P0024,W02,480,22,2025-01-17,2025-05-21
P0069,W02,110,34,2025-02-22,2025-05-28
P0098,W05,103,54,2025-02-15,2025-06-06
P0070,W04,315,28,2025-02-18,2025-05-19
P0086,W02,170,64,2025-03-24,2025-06-02
P0011,W01,459,54,2025-03-14,2025-05-12
P0016,W02,491,17,2025-04-09,2025-05-18
P0097,W01,355,62,2025-04-13,2025-05-25
P0073,W05,495,64,2025-01-13,2025-05-15
P0059,W05,323,41,2025-01-17,2025-05-26
P0070,W02,132,60,2025-03-30,2025-06-05
P0080,W02,375,53,2025-01-29,2025-05-29
P0093,W04,292,91,2025-02-28,2025-05-10
P0003,W03,327,79,2025-04-03,2025-05-22
P0020,W04,126,27,2025-03-17,2025-05-28
P0059,W03,105,92,2025-03-16,2025-05-12
P0036,W04,496,31,2025-03-30,2025-05-26
P0019,W05,91,46,2025-03-28,2025-05-14
P0090,W04,286,65,2025-01-12,2025-05-26
P0067,W02,377,68,2025-03-18,2025-05-29
P0019,W04,392,12,2025-02-09,2025-06-04
P0020,W01,50,37,2025-01-27,2025-05-22
P0096,W05,28,83,2025-03-07,2025-05-28
P0071,W03,461,44,2025-01-24,2025-05-22
P0052,W02,295,70,2025-03-12,2025-05-17
P0033,W04,296,63,2025-01-22,2025-05-18
P0040,W02,213,72,2025-02-06,2025-06-01
P0039,W03,266,88,2025-02-23,2025-05-12
P0082,W02,406,16,2025-02-23,2025-05-22
P0001,W04,256,85,2025-04-02,2025-05-23
P0011,W02,301,58,2025-01-28,2025-05-21
P0092,W04,100,94,2025-04-07,2025-05-30
P0057,W02,404,40,2025-01-18,2025-05-11
P0089,W04,345,67,2025-01-11,2025-05-24
P0050,W05,109,70,2025-01-18,2025-05-23
P0023,W05,419,33,2025-01-17,2025-05-15
P0031,W02,181,29,2025-03-27,2025-05-12
P0094,W03,470,46,2025-02-13,2025-05-25
P0042,W02,312,13,2025-02-25,2025-05-31
P0099,W02,0,29,2025-04-24,2025-05-21
P0007,W05,318,69,2025-04-01,2025-05-22
P0016,W02,437,33,2025-03-31,2025-05-30
P0090,W04,54,59,2025-01-30,2025-06-02
P0060,W04,370,58,2025-01-15,2025-06-01
P0002,W05,423,60,2025-02-27,2025-05-23
P0001,W01,398,45,2025-02-21,2025-05-24
P0048,W05,148,75,2025-02-27,2025-05-16
P0012,W01,430,88,2025-03-10,2025-05-09
P0069,W05,456,43,2025-02-18,2025-06-04
P0037,W01,308,45,2025-04-17,2025-05-14
P0032,W03,136,15,2025-01-11,2025-05-23
P0009,W03,201,48,2025-02-01,2025-06-04
P0099,W01,435,51,2025-04-14,2025-05-18
P0019,W01,312,67,2025-03-17,2025-05-24
P0048,W02,116,21,2025-03-07,2025-06-01
P0080,W03,153,12,2025-01-17,2025-05-20
P0003,W05,424,27,2025-04-07,2025-05-20
P0020,W01,290,49,2025-03-20,2025-06-06
P0024,W02,62,30,2025-04-19,2025-05-15
P0054,W04,243,24,2025-02-22,2025-05-24
P0033,W03,24,35,2025-01-11,2025-05-27
P0024,W04,89,17,2025-01-08,2025-05-29
P0075,W04,74,96,2025-04-09,2025-06-05
P0072,W02,293,51,2025-02-22,2025-05-15
P0036,W03,385,53,2025-04-20,2025-05-09
P0038,W01,390,23,2025-01-08,2025-05-26
P0084,W04,209,87,2025-01-30,2025-05-31
P0099,W03,474,11,2025-03-31,2025-05-10
P0089,W05,417,46,2025-02-24,2025-05-15
P0099,W01,346,78,2025-03-30,2025-05-12
P0025,W03,16,47,2025-01-08,2025-05-11
P0093,W05,127,50,2025-02-09,2025-05-16
P0018,W05,426,71,2025-01-28,2025-06-05
P0082,W01,442,69,2025-02-20,2025-05-10
P0066,W05,363,23,2025-03-15,2025-05-24
P0054,W05,250,98,2025-04-18,2025-05-16
P0035,W03,178,93,2025-03-10,2025-05-28
P0080,W05,181,11,2025-02-20,2025-05-12
P0061,W04,151,79,2025-04-21,2025-05-20
P0041,W03,24,26,2025-02-28,2025-05-12
P0100,W01,454,98,2025-02-01,2025-06-02
P0033,W02,179,37,2025-02-28,2025-05-31
P0068,W05,197,75,2025-04-12,2025-06-03
P0033,W02,343,44,2025-02-01,2025-06-02
P0014,W01,160,14,2025-01-18,2025-05-13
P0021,W04,176,74,2025-04-27,2025-05-29
P0048,W04,284,49,2025-03-28,2025-05-20
P0020,W02,62,85,2025-02-12,2025-06-03
P0008,W04,490,65,2025-03-11,2025-05-13
P0007,W03,149,45,2025-03-26,2025-05-13
P0067,W02,153,54,2025-01-24,2025-05-18
P0017,W04,155,32,2025-04-13,2025-05-17
P0033,W02,369,56,2025-01-31,2025-05-15
P0048,W01,468,40,2025-02-21,2025-05-21
P0076,W02,48,20,2025-01-31,2025-05-20
P0059,W03,454,19,2025-04-05,2025-05-17
P0086,W05,336,76,2025-02-12,2025-05-27
P0022,W02,83,23,2025-02-28,2025-05-23
P0030,W03,360,89,2025-03-13,2025-05-11
P0038,W05,176,83,2025-01-30,2025-05-11
P0051,W05,147,19,2025-03-15,2025-05-19
P0054,W01,117,85,2025-01-22,2025-05-19
P0008,W02,341,10,2025-04-12,2025-05-18
P0027,W04,475,14,2025-02-10,2025-05-09
P0027,W02,62,29,2025-01-25,2025-05-11
P0098,W02,188,17,2025-01-19,2025-05-18
P0021,W04,359,52,2025-01-21,2025-06-01
P0030,W02,48,85,2025-04-06,2025-05-16
P0097,W01,326,10,2025-04-19,2025-05-21
P0028,W04,256,66,2025-02-22,2025-06-02
P0064,W04,223,73,2025-04-10,2025-05-31
P0097,W02,140,93,2025-04-05,2025-05-20
P0069,W04,477,37,2025-03-15,2025-05-20
P0061,W02,214,46,2025-01-22,2025-05-19
P0048,W03,434,56,2025-01-19,2025-05-12
P0019,W01,378,85,2025-03-09,2025-05-13
P0004,W04,439,46,2025-02-15,2025-05-29
P0035,W04,210,58,2025-03-06,2025-06-06
P0064,W02,317,53,2025-01-10,2025-06-06
P0049,W03,31,65,2025-03-27,2025-06-01
P0017,W05,157,37,2025-02-01,2025-05-21
P0044,W02,284,88,2025-01-25,2025-05-20
P0092,W03,304,15,2025-02-06,2025-05-15
P0030,W02,428,70,2025-01-30,2025-05-30
P0093,W03,476,29,2025-03-12,2025-05-12
P0046,W01,285,87,2025-03-06,2025-05-18
P0006,W02,143,11,2025-01-21,2025-05-23
P0099,W03,423,82,2025-03-23,2025-05-30
P0037,W04,18,46,2025-01-11,2025-05-25
P0024,W02,17,29,2025-02-26,2025-05-10
P0093,W04,256,35,2025-03-22,2025-06-06
P0046,W01,77,38,2025-03-02,2025-05-26
P0053,W04,370,10,2025-02-03,2025-05-16
P0095,W02,174,44,2025-04-15,2025-05-15
P0099,W01,497,79,2025-04-19,2025-05-10
P0060,W05,193,68,2025-04-18,2025-05-29
P0097,W02,475,78,2025-03-26,2025-05-21
P0063,W05,112,42,2025-03-29,2025-06-04
P0085,W02,113,60,2025-02-19,2025-06-06
P0032,W02,221,87,2025-04-02,2025-05-19
P0087,W03,165,21,2025-03-17,2025-05-30
P0033,W02,434,29,2025-03-18,2025-05-31
P0067,W01,318,62,2025-04-24,2025-05-17
P0018,W01,131,97,2025-01-20,2025-06-03
P0025,W05,384,52,2025-04-20,2025-05-19
P0095,W03,263,98,2025-03-07,2025-06-02
P0054,W05,412,59,2025-03-08,2025-05-10
P0058,W02,54,38,2025-03-09,2025-06-04
P0067,W02,358,66,2025-02-03,2025-06-03
P0046,W05,130,48,2025-02-28,2025-05-24
P0024,W02,287,65,2025-04-26,2025-05-24
P0032,W03,265,52,2025-02-23,2025-05-27
P0047,W03,457,59,2025-03-23,2025-05-11
P0086,W02,466,32,2025-04-12,2025-06-04
P0023,W05,365,53,2025-02-28,2025-05-12
P0066,W02,161,47,2025-02-02,2025-06-01
P0027,W02,379,93,2025-02-05,2025-05-24
P0002,W01,480,32,2025-01-26,2025-05-18
P0090,W05,86,54,2025-01-29,2025-05-26
P0017,W04,54,61,2025-03-10,2025-05-18
P0033,W03,475,89,2025-01-29,2025-05-09
P0009,W02,287,59,2025-02-11,2025-05-10
P0043,W01,177,17,2025-03-14,2025-05-14
P0048,W02,390,94,2025-02-25,2025-05-20
P0039,W03,348,10,2025-02-24,2025-05-15
P0093,W02,7,17,2025-03-09,2025-05-16
P0042,W01,320,38,2025-04-18,2025-05-18
P0026,W05,312,14,2025-04-24,2025-05-21
P0099,W02,246,95,2025-01-29,2025-06-05
P0050,W04,322,56,2025-03-12,2025-06-05
P0025,W01,471,43,2025-03-12,2025-06-02
P0024,W04,470,74,2025-01-17,2025-05-17
P0013,W05,442,64,2025-04-21,2025-06-01
P0060,W04,254,99,2025-04-10,2025-05-23
P0007,W03,327,52,2025-01-16,2025-06-04
P0057,W01,53,83,2025-02-22,2025-05-27
P0036,W03,248,39,2025-03-11,2025-05-16
P0045,W02,238,91,2025-02-21,2025-05-28
P0020,W04,228,26,2025-04-23,2025-06-01
P0065,W02,66,35,2025-03-28,2025-05-31
P0008,W01,50,17,2025-03-04,2025-05-09
P0016,W01,96,56,2025-01-31,2025-05-26
P0014,W01,91,85,2025-03-23,2025-05-30
P0076,W03,494,81,2025-01-14,2025-05-11
P0087,W01,263,98,2025-03-11,2025-05-20
P0015,W02,417,55,2025-02-07,2025-05-24
P0092,W04,290,77,2025-01-24,2025-05-18
P0098,W01,95,42,2025-02-28,2025-05-25
P0066,W01,87,10,2025-01-29,2025-05-24
P0032,W03,77,28,2025-02-19,2025-05-25
P0087,W03,287,40,2025-04-12,2025-05-12
P0063,W04,119,89,2025-02-11,2025-05-17
P0086,W01,301,23,2025-03-05,2025-05-10
P0051,W05,490,62,2025-04-05,2025-06-06
P0025,W02,399,57,2025-02-10,2025-05-16
P0058,W05,451,78,2025-01-17,2025-05-17
P0063,W02,499,99,2025-01-25,2025-05-24
P0062,W02,164,71,2025-03-27,2025-05-28
P0022,W03,181,75,2025-02-25,2025-05-13
P0058,W03,468,73,2025-01-09,2025-06-02
P0058,W01,397,79,2025-01-31,2025-05-19
P0086,W02,222,72,2025-01-21,2025-05-15
P0049,W02,310,82,2025-01-15,2025-05-21
P0052,W02,431,42,2025-01-14,2025-05-24
P0042,W02,465,50,2025-04-21,2025-06-03
P0070,W02,6,98,2025-04-24,2025-06-01
P0015,W04,329,57,2025-03-07,2025-05-21
P0054,W04,262,22,2025-02-18,2025-06-03
P0060,W02,160,82,2025-02-04,2025-06-05
P0097,W01,150,86,2025-01-16,2025-05-23
P0008,W05,84,40,2025-02-20,2025-05-18
P0053,W05,146,84,2025-03-24,2025-05-11
P0060,W05,111,77,2025-01-15,2025-05-31
P0005,W04,380,13,2025-04-22,2025-05-20
P0068,W01,402,28,2025-02-14,2025-05-13
P0006,W01,35,79,2025-03-06,2025-05-18
P0096,W03,284,91,2025-03-10,2025-05-15
P0094,W01,187,22,2025-01-22,2025-05-29
P0047,W02,81,32,2025-02-22,2025-05-31
P0099,W04,1,92,2025-01-15,2025-05-20
P0055,W01,384,84,2025-03-09,2025-05-26
P0040,W02,302,10,2025-02-01,2025-05-15
P0052,W03,196,97,2025-03-13,2025-05-17
P0016,W02,403,63,2025-02-22,2025-06-02
P0013,W01,10,80,2025-03-22,2025-06-06
P0030,W05,233,98,2025-02-17,2025-05-15
P0019,W04,385,94,2025-01-24,2025-05-11
P0017,W03,194,24,2025-03-26,2025-05-09
P0063,W04,470,74,2025-01-16,2025-06-02
P0019,W02,118,85,2025-03-28,2025-06-04
P0092,W03,395,80,2025-03-05,2025-05-15
P0058,W02,19,24,2025-04-12,2025-05-24
P0055,W03,260,30,2025-03-20,2025-05-24
P0090,W02,292,28,2025-02-28,2025-05-18
P0090,W01,421,69,2025-01-18,2025-05-23
P0062,W03,255,98,2025-01-28,2025-05-30
P0023,W04,221,42,2025-03-10,2025-05-29
P0009,W02,392,58,2025-02-26,2025-05-30
P0012,W04,225,44,2025-03-21,2025-06-05
P0001,W03,52,53,2025-01-12,2025-06-06
P0058,W02,427,99,2025-01-26,2025-06-02
P0001,W04,354,20,2025-03-18,2025-06-03
P0034,W05,499,81,2025-02-16,2025-05-13
P0096,W05,341,87,2025-03-22,2025-05-10
P0048,W02,363,83,2025-03-20,2025-05-09
P0089,W03,279,75,2025-01-09,2025-05-22
P0001,W03,80,55,2025-01-18,2025-05-13
P0016,W01,201,18,2025-03-14,2025-06-05
P0061,W03,157,12,2025-02-13,2025-05-09
P0064,W04,119,94,2025-01-15,2025-05-21
P0063,W04,58,35,2025-02-07,2025-05-10
P0069,W04,493,81,2025-03-22,2025-05-26
P0022,W05,214,57,2025-02-08,2025-05-14
P0093,W05,127,75,2025-02-28,2025-05-29
P0067,W01,223,79,2025-04-09,2025-05-25
P0076,W01,208,37,2025-02-04,2025-05-28
P0026,W03,369,35,2025-04-18,2025-06-06
P0016,W04,114,34,2025-04-18,2025-05-15
P0051,W03,208,21,2025-01-24,2025-05-14
P0086,W02,13,14,2025-04-24,2025-05-24
P0057,W03,8,57,2025-04-16,2025-05-28
P0029,W01,39,46,2025-01-09,2025-05-14
P0078,W04,449,88,2025-04-04,2025-06-05
P0092,W03,236,53,2025-02-09,2025-05-20
P0069,W03,280,24,2025-03-31,2025-05-15
P0047,W04,358,52,2025-03-17,2025-05-31
P0094,W02,200,57,2025-03-30,2025-05-27
P0062,W03,245,96,2025-03-03,2025-05-24
P0069,W02,277,79,2025-01-15,2025-06-03
P0076,W05,234,55,2025-02-28,2025-05-12
P0016,W02,493,52,2025-02-12,2025-05-20
P0090,W01,3,30,2025-04-23,2025-06-03
P0090,W05,153,32,2025-01-17,2025-05-25
P0048,W01,441,89,2025-02-06,2025-05-18
P0085,W01,28,56,2025-04-20,2025-05-12
P0039,W02,108,24,2025-01-12,2025-05-24
P0100,W03,97,34,2025-04-02,2025-06-06
P0033,W01,214,45,2025-03-06,2025-06-01
P0094,W04,292,84,2025-01-17,2025-05-20
P0023,W01,74,60,2025-03-13,2025-05-30
P0010,W05,325,24,2025-02-25,2025-05-26
P0069,W02,145,77,2025-02-02,2025-06-03
P0100,W04,127,30,2025-04-03,2025-05-19
P0034,W04,340,22,2025-01-29,2025-06-04
P0052,W05,41,95,2025-02-19,2025-05-11
P0095,W05,355,28,2025-03-13,2025-05-14
P0010,W01,40,43,2025-04-21,2025-06-06
P0019,W04,421,87,2025-04-02,2025-05-09
P0058,W01,33,77,2025-03-30,2025-05-21
P0096,W05,16,61,2025-04-02,2025-05-17
P0001,W01,164,36,2025-01-30,2025-06-02
P0069,W03,152,38,2025-03-02,2025-05-31
P0004,W01,485,37,2025-04-16,2025-05-18
P0016,W05,377,44,2025-02-01,2025-05-31
P0024,W02,75,17,2025-02-01,2025-05-13
P0080,W02,86,25,2025-02-13,2025-05-23
P0002,W05,116,45,2025-02-11,2025-06-03
P0092,W01,361,39,2025-04-19,2025-05-27
P0032,W04,341,27,2025-03-16,2025-05-09
P0091,W01,468,11,2025-04-06,2025-05-18
P0084,W03,26,58,2025-04-21,2025-05-12
P0024,W02,312,86,2025-03-29,2025-05-18
P0012,W04,286,13,2025-04-16,2025-06-02
P0050,W04,133,99,2025-03-21,2025-05-20
P0035,W03,218,98,2025-02-27,2025-05-27
P0033,W01,167,84,2025-03-10,2025-05-24
P0033,W01,97,16,2025-01-13,2025-05-25
P0061,W02,267,83,2025-03-01,2025-05-14
P0051,W04,236,48,2025-04-17,2025-05-20
P0043,W02,308,22,2025-04-21,2025-05-12
P0012,W04,454,40,2025-03-22,2025-05-30
P0067,W04,393,80,2025-03-24,2025-05-30
P0065,W03,172,72,2025-03-17,2025-05-22
P0033,W05,400,65,2025-03-05,2025-05-24
P0040,W04,409,51,2025-04-02,2025-05-10
P0074,W05,468,70,2025-01-20,2025-05-27
P0043,W05,475,51,2025-03-04,2025-05-09
P0044,W04,189,65,2025-04-05,2025-05-22
P0029,W05,121,45,2025-04-12,2025-05-13
P0013,W03,45,93,2025-02-28,2025-05-23
P0012,W01,63,77,2025-01-30,2025-05-17
P0095,W03,129,16,2025-01-10,2025-06-06
P0046,W04,309,63,2025-03-14,2025-05-22
P0002,W05,362,10,2025-02-28,2025-06-02
P0035,W01,192,53,2025-01-16,2025-05-30
P0087,W03,306,54,2025-02-17,2025-05-22
P0081,W03,180,56,2025-04-11,2025-05-15
P0090,W04,291,22,2025-01-29,2025-05-09
P0008,W02,370,31,2025-03-21,2025-06-02
P0093,W02,281,30,2025-01-11,2025-05-30
P0026,W03,28,95,2025-04-20,2025-05-19
P0074,W01,148,18,2025-03-09,2025-06-06
P0090,W02,266,35,2025-03-28,2025-05-28
P0034,W01,295,18,2025-03-06,2025-05-14
P0007,W01,10,24,2025-01-09,2025-05-12
P0068,W04,163,19,2025-03-16,2025-05-18
P0058,W02,112,97,2025-01-17,2025-06-03
P0075,W04,186,51,2025-02-17,2025-05-12
P0029,W03,294,81,2025-04-24,2025-05-19
P0036,W01,231,33,2025-03-07,2025-05-12
P0089,W03,226,89,2025-01-12,2025-05-18
P0021,W05,309,58,2025-04-12,2025-06-01
P0036,W01,97,35,2025-02-26,2025-05-15
P0010,W03,54,46,2025-01-23,2025-05-25
P0073,W05,110,77,2025-04-10,2025-06-06
P0024,W03,151,59,2025-01-10,2025-05-19
P0064,W04,245,33,2025-02-08,2025-05-12
P0099,W02,405,28,2025-02-25,2025-06-02
P0049,W05,68,69,2025-01-24,2025-05-30
P0099,W02,311,48,2025-04-14,2025-05-27
P0036,W04,288,83,2025-04-18,2025-05-12
P0082,W04,249,98,2025-03-12,2025-05-23
P0096,W05,35,27,2025-04-09,2025-05-18
P0024,W03,238,28,2025-01-30,2025-05-10
P0023,W04,147,45,2025-01-29,2025-05-20
P0062,W03,466,83,2025-03-09,2025-05-22
P0096,W01,226,64,2025-01-12,2025-05-24
P0037,W02,243,78,2025-03-30,2025-05-27
P0012,W03,490,56,2025-01-15,2025-05-11
P0055,W04,336,58,2025-02-12,2025-06-03
P0013,W02,445,42,2025-04-25,2025-06-01
P0023,W04,364,30,2025-04-17,2025-06-03
P0089,W02,490,90,2025-01-26,2025-05-11
P0099,W05,481,31,2025-02-05,2025-06-01
P0030,W01,200,57,2025-03-14,2025-05-18
P0017,W02,153,46,2025-02-15,2025-05-13
P0062,W03,449,24,2025-03-16,2025-05-16
P0084,W01,72,44,2025-01-20,2025-06-04
P0089,W03,200,80,2025-02-10,2025-05-09
P0086,W03,295,41,2025-01-16,2025-05-17
P0013,W05,16,20,2025-03-26,2025-05-20
P0059,W02,128,19,2025-01-31,2025-05-26
P0019,W05,216,82,2025-01-10,2025-05-24
P0049,W02,60,87,2025-02-02,2025-05-12
P0100,W05,426,86,2025-03-26,2025-05-16
P0012,W03,103,66,2025-02-10,2025-05-29
P0061,W03,41,34,2025-03-24,2025-05-14
P0019,W02,24,11,2025-01-28,2025-06-02
P0076,W03,38,73,2025-02-13,2025-05-27
P0009,W02,290,44,2025-04-18,2025-06-01
P0071,W02,130,16,2025-01-08,2025-05-10
P0028,W03,497,94,2025-02-05,2025-05-21
P0078,W04,228,27,2025-03-10,2025-06-03
P0095,W02,107,76,2025-02-19,2025-06-02
P0052,W01,171,51,2025-03-26,2025-05-13
P0083,W02,434,48,2025-04-22,2025-05-23
P0016,W01,477,50,2025-04-12,2025-05-11
P0069,W02,101,84,2025-01-27,2025-06-06
P0099,W02,353,33,2025-01-12,2025-05-13
P0012,W03,11,69,2025-02-24,2025-06-05
P0025,W03,274,55,2025-03-06,2025-05-26
P0052,W03,100,28,2025-03-27,2025-05-21
P0085,W03,43,77,2025-02-25,2025-05-19
P0100,W04,442,99,2025-03-30,2025-05-28
P0053,W01,304,51,2025-01-19,2025-06-02
P0023,W03,444,41,2025-03-26,2025-05-13
P0016,W04,16,48,2025-04-17,2025-05-29
P0057,W05,329,45,2025-02-12,2025-05-23
P0039,W05,56,45,2025-01-28,2025-05-27
P0053,W05,310,12,2025-01-29,2025-06-06
P0042,W05,496,82,2025-03-23,2025-05-21
P0058,W03,302,17,2025-04-03,2025-06-02
P0039,W03,11,79,2025-01-21,2025-05-27
P0014,W01,317,50,2025-02-21,2025-05-29
P0095,W05,79,77,2025-03-09,2025-05-24
P0005,W02,215,22,2025-01-08,2025-06-05
P0035,W05,338,58,2025-04-15,2025-05-22
P0087,W01,263,69,2025-02-22,2025-06-02
P0093,W01,478,11,2025-01-10,2025-05-12
P0075,W04,148,69,2025-04-09,2025-06-01
P0018,W02,80,14,2025-04-14,2025-05-10
P0076,W05,214,53,2025-02-23,2025-05-20
P0009,W05,484,36,2025-01-19,2025-05-30
P0074,W05,373,41,2025-02-23,2025-05-22
P0058,W04,463,30,2025-04-21,2025-06-02
P0017,W05,197,17,2025-03-08,2025-05-27
P0007,W05,199,81,2025-02-03,2025-05-29
P0046,W03,24,59,2025-02-26,2025-05-26
P0013,W05,465,76,2025-02-02,2025-05-17
P0040,W05,88,53,2025-04-14,2025-05-09
P0042,W03,267,67,2025-04-24,2025-05-27
P0009,W05,142,12,2025-02-23,2025-05-11
P0050,W03,58,95,2025-01-24,2025-05-23
P0027,W04,409,79,2025-03-11,2025-06-05
P0066,W03,488,11,2025-02-02,2025-05-30
P0005,W03,364,96,2025-03-08,2025-06-04
P0029,W03,25,53,2025-04-26,2025-05-15
P0037,W03,46,11,2025-02-03,2025-05-26
P0038,W02,287,90,2025-04-14,2025-05-09
P0083,W04,265,44,2025-02-09,2025-06-03
P0008,W04,15,96,2025-04-17,2025-05-22
P0065,W01,198,39,2025-04-13,2025-05-26
P0086,W01,400,17,2025-03-14,2025-05-14
P0017,W01,406,31,2025-03-25,2025-05-15
P0071,W02,281,53,2025-01-18,2025-05-15
P0089,W04,468,67,2025-04-06,2025-06-01
P0045,W02,85,45,2025-03-06,2025-05-30
P0004,W03,249,78,2025-02-23,2025-06-06
P0036,W01,390,86,2025-03-26,2025-05-25
P0070,W04,269,40,2025-03-13,2025-05-23
P0031,W02,334,56,2025-03-20,2025-06-02
P0019,W02,116,64,2025-02-01,2025-05-14
P0061,W03,6,89,2025-04-13,2025-05-22
P0054,W02,136,71,2025-02-24,2025-05-14
P0039,W04,370,39,2025-04-05,2025-05-21
P0091,W05,175,64,2025-02-28,2025-05-13
P0074,W05,327,25,2025-01-30,2025-05-20
P0090,W01,497,21,2025-02-14,2025-05-31
P0019,W04,314,26,2025-02-09,2025-05-30
P0039,W05,214,25,2025-01-11,2025-05-17
P0067,W03,476,21,2025-01-15,2025-05-09
P0045,W02,81,17,2025-01-10,2025-05-18
P0013,W04,222,93,2025-01-19,2025-05-26
P0092,W05,477,12,2025-04-03,2025-05-11
P0058,W01,371,25,2025-03-18,2025-05-11
P0020,W01,422,39,2025-04-27,2025-06-03
P0092,W05,482,32,2025-03-20,2025-05-20
P0072,W05,401,14,2025-04-13,2025-05-19
P0061,W05,442,93,2025-04-04,2025-05-15
P0039,W05,489,74,2025-04-12,2025-05-23
P0001,W05,102,39,2025-02-11,2025-06-06
P0003,W05,272,30,2025-04-01,2025-05-10
P0077,W05,13,93,2025-04-14,2025-05-16
P0092,W02,158,79,2025-04-22,2025-05-23
P0062,W04,151,31,2025-04-18,2025-06-04
P0063,W01,482,91,2025-01-09,2025-05-23
P0025,W03,107,81,2025-02-16,2025-05-23
P0056,W01,187,41,2025-03-17,2025-05-19
P0033,W04,300,42,2025-03-22,2025-05-14
P0038,W02,97,25,2025-02-16,2025-05-20
P0006,W04,130,85,2025-04-11,2025-06-06
P0058,W04,292,47,2025-02-22,2025-06-04
P0044,W02,170,23,2025-03-14,2025-05-10
P0045,W02,423,45,2025-02-24,2025-05-12
P0032,W01,473,32,2025-04-19,2025-05-09
P0045,W02,182,75,2025-04-10,2025-05-09
P0061,W05,470,94,2025-03-24,2025-06-04
P0047,W02,363,11,2025-02-14,2025-05-20
P0021,W01,38,82,2025-02-28,2025-05-19
P0080,W02,14,74,2025-02-19,2025-05-25
P0085,W04,375,84,2025-02-27,2025-05-22
P0075,W01,496,76,2025-02-23,2025-05-14
P0036,W04,3,61,2025-04-25,2025-05-28
P0099,W02,348,71,2025-02-26,2025-05-17
P0019,W03,469,32,2025-01-31,2025-05-30
P0020,W04,408,35,2025-02-03,2025-05-24
P0057,W04,396,77,2025-04-01,2025-05-15
P0018,W02,209,91,2025-04-20,2025-05-31
P0047,W01,160,64,2025-04-11,2025-05-18
P0049,W05,15,15,2025-02-08,2025-05-16
P0014,W04,492,44,2025-01-26,2025-05-14
P0015,W02,425,31,2025-01-10,2025-06-02
P0031,W02,107,52,2025-04-23,2025-05-15
P0001,W05,381,24,2025-04-15,2025-05-28
P0054,W01,449,95,2025-02-20,2025-05-17
P0003,W04,310,69,2025-02-22,2025-05-30
P0016,W05,226,21,2025-01-16,2025-05-30
P0087,W01,169,58,2025-03-01,2025-05-15
P0057,W04,33,51,2025-02-25,2025-06-01
P0075,W03,413,47,2025-02-25,2025-05-12
P0012,W03,250,91,2025-03-10,2025-05-12
P0074,W04,246,54,2025-01-25,2025-06-01
P0096,W04,268,44,2025-04-07,2025-05-09
P0016,W02,140,39,2025-04-05,2025-05-24
P0072,W01,273,97,2025-03-13,2025-05-15
P0076,W01,415,39,2025-03-23,2025-05-11
P0024,W04,95,87,2025-02-26,2025-05-21
P0028,W02,226,15,2025-02-01,2025-05-14
P0008,W02,378,76,2025-03-15,2025-05-15
P0092,W01,38,89,2025-01-19,2025-05-24
P0036,W04,301,16,2025-03-19,2025-06-03
P0090,W05,499,61,2025-03-17,2025-05-15
P0008,W05,28,23,2025-01-31,2025-06-04
P0058,W01,445,82,2025-04-09,2025-06-01
P0060,W01,496,24,2025-02-12,2025-05-23
P0050,W04,476,30,2025-02-10,2025-05-23
P0028,W04,317,44,2025-02-06,2025-05-25
P0092,W05,244,75,2025-02-12,2025-05-19
P0041,W02,235,11,2025-04-25,2025-05-28
P0100,W02,184,44,2025-04-07,2025-05-20
P0064,W01,271,91,2025-04-13,2025-05-26
P0027,W02,439,87,2025-02-17,2025-05-28
P0063,W02,235,29,2025-03-07,2025-05-20
P0017,W01,238,91,2025-01-08,2025-05-27
P0073,W05,376,19,2025-02-15,2025-05-16
P0033,W03,265,34,2025-04-06,2025-06-01
P0084,W05,413,75,2025-01-16,2025-05-11
P0077,W03,408,34,2025-03-24,2025-05-16
P0092,W03,358,63,2025-03-03,2025-06-05
P0029,W03,339,42,2025-02-24,2025-05-11
P0013,W02,388,45,2025-01-15,2025-05-17
P0046,W04,64,23,2025-03-22,2025-05-23
P0035,W01,477,74,2025-03-17,2025-05-21
P0006,W04,176,89,2025-01-16,2025-06-02
P0082,W03,2,63,2025-03-01,2025-06-05
P0069,W05,428,61,2025-03-22,2025-05-16
P0047,W05,141,12,2025-02-07,2025-05-21
P0025,W02,375,50,2025-04-08,2025-05-11
P0066,W05,157,15,2025-04-08,2025-05-25
P0010,W05,497,34,2025-03-17,2025-05-12
P0056,W05,323,22,2025-02-28,2025-05-10
P0030,W03,145,17,2025-02-04,2025-05-17
P0005,W04,445,30,2025-01-31,2025-05-20
P0033,W02,292,77,2025-02-17,2025-05-27
P0065,W01,152,34,2025-01-14,2025-05-09
P0018,W01,431,88,2025-03-02,2025-05-24
P0096,W03,192,77,2025-04-16,2025-05-29
P0049,W05,436,54,2025-03-13,2025-05-12
P0011,W01,493,69,2025-03-28,2025-06-06
P0085,W04,462,21,2025-01-25,2025-06-06
P0026,W04,72,41,2025-03-24,2025-05-13
P0063,W01,398,22,2025-04-10,2025-06-04
P0089,W03,304,40,2025-04-07,2025-06-06
P0086,W05,376,87,2025-02-01,2025-05-27
P0059,W04,343,29,2025-02-11,2025-05-25
P0027,W04,451,27,2025-04-02,2025-05-31
P0049,W02,139,69,2025-04-04,2025-05-17
P0077,W05,186,72,2025-03-02,2025-05-27
P0033,W01,292,15,2025-04-10,2025-06-06
P0098,W03,60,41,2025-04-06,2025-05-30
P0099,W05,484,52,2025-03-19,2025-05-15
P0001,W03,426,11,2025-03-15,2025-05-22
P0021,W01,379,69,2025-03-12,2025-05-30
P0055,W05,197,32,2025-02-15,2025-06-03
P0006,W05,294,92,2025-02-05,2025-05-28
P0092,W02,439,40,2025-04-25,2025-05-20
P0081,W05,318,14,2025-03-16,2025-06-05
P0069,W05,301,92,2025-03-26,2025-06-06
P0095,W03,343,43,2025-04-01,2025-05-29
P0005,W03,10,19,2025-04-15,2025-06-05
P0003,W05,61,98,2025-03-06,2025-06-04
P0053,W03,332,11,2025-04-18,2025-05-18
P0023,W05,225,20,2025-01-09,2025-05-24
P0053,W04,152,59,2025-03-22,2025-05-18
P0037,W03,198,40,2025-03-06,2025-05-16
P0074,W02,51,65,2025-03-23,2025-06-01
P0074,W05,259,88,2025-02-08,2025-06-05
P0083,W02,58,82,2025-03-22,2025-05-16
P0017,W03,71,96,2025-02-14,2025-06-06
P0085,W04,147,92,2025-03-04,2025-05-13
P0078,W05,348,18,2025-01-23,2025-05-22
P0073,W05,62,30,2025-02-17,2025-05-22
P0001,W02,309,82,2025-03-17,2025-05-13
P0051,W03,372,37,2025-04-25,2025-05-18
P0045,W03,242,71,2025-02-06,2025-06-02
P0077,W04,492,16,2025-02-19,2025-05-26
P0004,W04,365,89,2025-02-06,2025-05-29
P0062,W05,329,25,2025-04-15,2025-05-21
P0065,W01,106,13,2025-01-12,2025-05-13
P0032,W03,225,13,2025-01-19,2025-05-15
P0034,W02,312,49,2025-04-16,2025-05-19
P0092,W02,217,26,2025-03-02,2025-06-05
P0095,W05,424,61,2025-01-08,2025-05-27
P0072,W05,240,61,2025-02-12,2025-05-09
P0039,W03,258,45,2025-03-31,2025-05-21
P0026,W03,375,47,2025-01-24,2025-06-02
P0034,W01,261,59,2025-04-12,2025-05-24
P0054,W04,4,72,2025-01-27,2025-05-09
P0003,W04,260,72,2025-02-23,2025-05-27
P0050,W05,53,71,2025-03-09,2025-06-01
P0012,W03,46,16,2025-04-07,2025-06-01
P0065,W01,214,36,2025-01-30,2025-06-04
P0054,W03,176,95,2025-03-26,2025-05-31
P0005,W03,8,23,2025-01-29,2025-06-06
P0094,W03,98,80,2025-01-22,2025-06-04
P0094,W04,19,95,2025-02-11,2025-05-15
P0057,W03,377,14,2025-01-18,2025-05-28
P0017,W05,240,64,2025-03-24,2025-05-26
P0047,W01,60,11,2025-02-16,2025-05-31
P0023,W03,378,71,2025-03-16,2025-05-23
P0079,W01,489,30,2025-02-13,2025-05-11
P0085,W04,418,88,2025-01-23,2025-05-22
P0014,W01,177,30,2025-03-04,2025-06-06
P0066,W03,337,19,2025-02-19,2025-06-04
P0075,W04,61,96,2025-03-01,2025-05-30
P0051,W01,144,67,2025-01-28,2025-05-28
P0038,W03,215,48,2025-02-14,2025-05-22
P0064,W05,2,14,2025-04-19,2025-05-09
P0098,W03,159,74,2025-03-13,2025-05-26
P0038,W04,226,22,2025-02-27,2025-06-06
P0050,W01,485,94,2025-02-16,2025-05-19
P0098,W04,268,99,2025-01-26,2025-05-25
P0082,W03,119,94,2025-02-26,2025-06-02
P0030,W01,380,62,2025-01-30,2025-05-23
P0079,W03,494,91,2025-04-12,2025-05-09
P0091,W01,88,54,2025-02-15,2025-06-01
P0051,W03,328,41,2025-04-11,2025-05-24
P0063,W02,67,45,2025-04-25,2025-05-19
P0098,W04,397,90,2025-04-20,2025-05-22
P0052,W01,356,69,2025-04-12,2025-05-18
P0038,W02,97,20,2025-01-11,2025-05-21
P0097,W04,266,72,2025-01-13,2025-05-09
P0088,W05,104,30,2025-02-24,2025-06-06
P0079,W05,439,61,2025-01-18,2025-06-03
P0030,W03,322,64,2025-03-03,2025-05-12
P0051,W04,122,35,2025-04-11,2025-05-13
P0081,W04,475,77,2025-03-17,2025-05-30
P0005,W01,28,43,2025-02-19,2025-05-17
P0029,W04,136,61,2025-02-21,2025-05-22
P0004,W03,194,91,2025-02-10,2025-06-02
P0010,W02,408,61,2025-04-26,2025-05-09
P0056,W01,225,38,2025-04-06,2025-06-04
P0017,W02,331,47,2025-01-26,2025-05-21
P0074,W02,169,51,2025-02-12,2025-05-22
P0017,W05,8,30,2025-03-09,2025-05-29
P0084,W02,462,51,2025-04-26,2025-05-13
P0088,W05,39,22,2025-01-31,2025-05-21
P0069,W01,24,73,2025-04-12,2025-06-03
P0034,W04,260,26,2025-04-07,2025-05-16
P0006,W05,394,18,2025-03-30,2025-05-11
P0053,W01,442,50,2025-02-14,2025-05-16
P0066,W03,225,10,2025-01-20,2025-06-04
P0077,W05,471,11,2025-04-10,2025-05-21
P0043,W04,123,69,2025-02-21,2025-06-01
P0075,W03,462,57,2025-01-21,2025-05-21
P0023,W04,37,38,2025-02-15,2025-05-12
P0055,W05,327,19,2025-02-25,2025-05-10
P0080,W02,250,67,2025-03-21,2025-06-04
P0095,W02,388,69,2025-02-05,2025-06-04
P0075,W01,175,30,2025-02-25,2025-05-24
P0016,W04,89,37,2025-03-03,2025-05-10
P0008,W04,401,84,2025-03-16,2025-05-30
P0004,W01,453,43,2025-04-26,2025-05-15
P0004,W02,36,17,2025-04-13,2025-06-04
P0056,W02,315,68,2025-03-17,2025-06-01
P0025,W01,175,95,2025-01-21,2025-06-03
P0067,W04,460,81,2025-03-28,2025-05-26
P0096,W01,283,58,2025-03-12,2025-05-28
P0067,W05,452,88,2025-03-01,2025-06-04
P0027,W02,460,26,2025-01-20,2025-05-30
P0093,W01,80,69,2025-04-23,2025-06-05
P0032,W04,113,96,2025-03-06,2025-05-11
P0050,W01,39,97,2025-03-17,2025-06-01
P0061,W05,300,54,2025-02-21,2025-05-17
P0051,W03,223,92,2025-04-05,2025-05-15
P0019,W03,317,78,2025-02-01,2025-06-02
P0021,W04,348,41,2025-02-24,2025-05-19
P0005,W02,114,53,2025-02-10,2025-05-22
P0082,W03,185,74,2025-04-02,2025-05-10
P0092,W05,322,96,2025-04-04,2025-06-05
P0042,W02,55,17,2025-02-06,2025-05-17
P0061,W02,39,86,2025-03-03,2025-05-13
P0022,W03,353,81,2025-04-04,2025-05-31
P0021,W03,39,96,2025-03-12,2025-05-19
P0070,W04,346,52,2025-02-19,2025-05-26
P0001,W03,460,10,2025-02-10,2025-06-02
P0005,W03,236,60,2025-02-07,2025-05-18
P0012,W04,288,33,2025-03-31,2025-05-10
P0090,W03,261,33,2025-03-02,2025-06-05
P0046,W01,215,26,2025-03-25,2025-05-26
P0034,W02,146,14,2025-03-01,2025-05-20
P0049,W02,335,29,2025-03-15,2025-05-16
P0078,W03,167,30,2025-03-16,2025-05-25
P0090,W02,91,67,2025-02-06,2025-05-30
P0045,W03,352,40,2025-01-13,2025-05-15
P0027,W02,58,20,2025-03-15,2025-05-27
P0073,W03,58,61,2025-04-22,2025-05-23
P0026,W01,303,24,2025-04-27,2025-05-27
P0047,W05,168,92,2025-03-17,2025-06-01
P0086,W04,268,16,2025-02-04,2025-06-05
P0056,W04,362,37,2025-02-25,2025-05-21
P0094,W02,44,60,2025-02-28,2025-05-17
P0063,W04,344,67,2025-02-14,2025-05-18
P0048,W03,180,14,2025-03-30,2025-06-06
P0061,W04,169,14,2025-03-10,2025-06-04
P0081,W01,355,17,2025-01-22,2025-05-31
P0026,W01,190,73,2025-04-08,2025-05-23
P0036,W04,154,19,2025-04-24,2025-05-26
P0001,W04,421,47,2025-02-28,2025-05-26
P0008,W02,187,90,2025-02-16,2025-05-21
P0099,W01,6,17,2025-02-14,2025-05-10
P0052,W01,132,34,2025-02-22,2025-05-20
P0079,W04,234,82,2025-03-30,2025-05-27
P0047,W01,44,75,2025-03-28,2025-05-19
P0056,W04,313,88,2025-03-02,2025-05-25
P0086,W01,248,59,2025-04-11,2025-05-24
P0014,W01,498,76,2025-03-19,2025-05-20
P0090,W05,30,58,2025-01-21,2025-05-11
P0028,W05,22,45,2025-04-03,2025-05-19
P0087,W05,425,77,2025-03-29,2025-05-10
P0078,W01,393,87,2025-02-27,2025-05-24
P0088,W03,159,50,2025-01-26,2025-06-05
P0002,W02,362,98,2025-03-16,2025-05-28
P0026,W05,436,71,2025-02-25,2025-05-30
P0014,W01,157,19,2025-04-15,2025-05-31
P0059,W04,38,30,2025-04-06,2025-05-31
P0056,W05,414,45,2025-02-13,2025-05-17
P0007,W04,81,21,2025-02-17,2025-05-22
P0003,W04,355,11,2025-03-13,2025-05-15
P0023,W05,257,22,2025-02-09,2025-05-20
P0018,W05,205,62,2025-04-17,2025-05-21
P0038,W05,76,41,2025-02-20,2025-05-25
P0099,W04,476,25,2025-02-12,2025-06-06
P0015,W02,11,41,2025-02-15,2025-05-28
P0064,W05,294,41,2025-04-24,2025-05-13
P0089,W03,449,20,2025-04-05,2025-06-04
P0028,W05,223,19,2025-02-22,2025-05-29
P0074,W04,12,24,2025-01-12,2025-05-28
P0039,W02,45,26,2025-03-21,2025-06-05
P0057,W03,154,49,2025-02-02,2025-05-18
P0017,W04,112,27,2025-02-25,2025-05-23
P0086,W04,232,64,2025-02-11,2025-05-22
P0090,W05,16,82,2025-02-05,2025-05-13
P0044,W05,359,34,2025-03-15,2025-05-22
P0025,W01,222,68,2025-02-02,2025-05-19
P0017,W02,353,87,2025-03-06,2025-05-27
P0013,W02,187,98,2025-04-13,2025-05-20
P0084,W04,447,31,2025-04-13,2025-05-18
P0025,W01,343,39,2025-03-20,2025-05-09
P0068,W05,364,93,2025-04-26,2025-05-26
P0010,W03,162,94,2025-01-17,2025-06-04
P0067,W04,495,53,2025-02-04,2025-05-09
P0018,W01,325,41,2025-03-05,2025-05-09
P0100,W05,466,60,2025-04-17,2025-05-28
P0086,W01,413,55,2025-01-11,2025-05-18
P0034,W04,454,30,2025-02-25,2025-05-27
P0008,W03,73,41,2025-04-18,2025-06-05
P0040,W01,232,48,2025-01-21,2025-05-16
P0083,W03,223,21,2025-03-20,2025-05-20
P0042,W02,481,56,2025-01-26,2025-06-03
P0041,W02,318,27,2025-03-03,2025-05-30
P0006,W04,411,30,2025-02-08,2025-05-26
P0052,W04,59,22,2025-03-17,2025-05-16
P0026,W01,334,30,2025-03-13,2025-05-12
P0064,W03,221,17,2025-02-12,2025-06-04
P0098,W05,36,55,2025-01-09,2025-05-17
P0059,W04,476,16,2025-02-18,2025-06-06
P0056,W02,277,32,2025-04-18,2025-05-15
P0059,W03,195,84,2025-02-04,2025-05-20
P0070,W02,403,95,2025-03-29,2025-05-16
P0033,W05,351,31,2025-04-21,2025-05-20
P0053,W05,483,98,2025-02-05,2025-06-02
P0022,W05,241,31,2025-02-14,2025-06-04
P0021,W02,323,38,2025-04-05,2025-05-11
P0070,W01,218,22,2025-02-17,2025-06-04
P0070,W05,191,91,2025-02-20,2025-05-28
P0004,W01,16,11,2025-04-13,2025-05-18
P0094,W03,11,38,2025-04-27,2025-05-10
P0075,W03,405,94,2025-01-19,2025-05-20
P0062,W03,400,88,2025-03-10,2025-06-01
P0062,W04,393,61,2025-03-06,2025-05-26
P0094,W02,373,36,2025-03-12,2025-05-10
P0095,W04,192,59,2025-01-09,2025-05-21
P0024,W04,21,88,2025-04-04,2025-05-19
P0055,W03,473,32,2025-01-15,2025-05-19
P0009,W02,119,97,2025-03-16,2025-05-10
P0003,W01,209,53,2025-02-28,2025-05-17
P0031,W04,305,86,2025-01-09,2025-05-24
P0040,W01,269,31,2025-01-13,2025-05-22
P0036,W02,191,52,2025-02-16,2025-05-20
P0024,W02,174,46,2025-02-11,2025-05-09
P0095,W01,284,70,2025-01-26,2025-05-22
P0006,W01,203,65,2025-02-19,2025-05-09
P0066,W03,163,12,2025-02-11,2025-05-11
P0084,W01,250,72,2025-02-02,2025-05-26
P0092,W02,226,28,2025-01-08,2025-06-04
P0075,W02,435,32,2025-02-21,2025-05-31
P0004,W03,380,38,2025-03-30,2025-05-31
P0079,W02,459,39,2025-02-20,2025-05-31
P0006,W05,6,48,2025-03-05,2025-05-24
P0094,W03,28,34,2025-01-14,2025-05-28
P0051,W05,394,17,2025-01-12,2025-05-14
P0062,W02,32,67,2025-03-30,2025-05-18
P0057,W05,133,25,2025-04-14,2025-05-23
P0066,W03,366,81,2025-04-20,2025-05-25
P0079,W02,78,10,2025-01-23,2025-05-25
P0075,W03,415,14,2025-01-11,2025-05-28
P0008,W03,434,12,2025-04-20,2025-05-29
P0026,W05,458,74,2025-02-02,2025-05-10
P0051,W04,57,13,2025-03-26,2025-05-10
P0045,W02,470,73,2025-04-15,2025-05-17
P0044,W01,25,98,2025-02-17,2025-05-13
P0005,W01,481,19,2025-03-24,2025-05-11
P0070,W04,429,30,2025-04-19,2025-05-30
P0026,W02,225,55,2025-02-12,2025-05-27
P0068,W01,284,36,2025-01-20,2025-05-14
P0019,W02,3,75,2025-02-14,2025-05-30
P0084,W04,464,50,2025-03-18,2025-06-03
P0097,W01,98,22,2025-02-02,2025-05-12
P0020,W05,396,18,2025-03-18,2025-06-03
P0012,W04,488,45,2025-02-08,2025-06-01
P0047,W03,38,95,2025-02-15,2025-05-15
P0001,W03,270,99,2025-02-01,2025-06-05
P0090,W02,374,67,2025-03-22,2025-06-05
P0014,W02,284,63,2025-02-22,2025-05-28
P0064,W04,156,21,2025-02-23,2025-05-13
P0038,W04,74,90,2025-01-24,2025-05-27
P0037,W01,371,87,2025-02-02,2025-05-20
P0011,W01,287,23,2025-02-19,2025-05-28
P0100,W01,129,43,2025-02-09,2025-05-14
P0077,W02,174,62,2025-02-08,2025-05-21
P0003,W01,461,29,2025-04-04,2025-05-12
P0033,W03,83,84,2025-03-12,2025-06-05
P0006,W01,21,25,2025-01-19,2025-05-22
P0050,W04,458,79,2025-04-25,2025-05-18
P0010,W05,26,65,2025-03-11,2025-05-31
P0005,W02,194,92,2025-03-05,2025-05-21
P0023,W04,336,67,2025-01-26,2025-05-13
P0010,W04,381,13,2025-03-17,2025-06-06
P0044,W05,235,13,2025-02-07,2025-05-19
P0002,W01,439,29,2025-01-15,2025-05-19
P0013,W04,91,19,2025-03-15,2025-05-29
P0040,W04,476,33,2025-02-26,2025-05-31
P0002,W05,20,35,2025-02-21,2025-05-18
P0084,W05,302,46,2025-03-28,2025-05-13
P0065,W02,463,94,2025-04-12,2025-06-06
P0063,W05,356,63,2025-01-20,2025-05-20
P0073,W04,442,30,2025-02-02,2025-05-10
P0017,W05,83,83,2025-04-20,2025-05-14
P0009,W03,261,47,2025-03-28,2025-05-27
P0075,W01,146,55,2025-04-06,2025-05-31
P0015,W01,440,13,2025-04-14,2025-05-21
P0024,W01,452,69,2025-03-18,2025-05-16
P0038,W04,386,66,2025-02-12,2025-05-31
P0035,W05,256,54,2025-04-19,2025-05-27
P0094,W05,57,29,2025-02-01,2025-06-04
P0095,W05,379,26,2025-04-23,2025-05-16
P0049,W02,421,80,2025-03-02,2025-06-01
P0069,W01,14,13,2025-04-01,2025-05-26
P0062,W02,161,23,2025-02-20,2025-05-19
P0060,W03,444,12,2025-03-31,2025-05-21
P0050,W04,162,97,2025-03-10,2025-05-30
P0078,W03,319,89,2025-02-13,2025-05-20
P0075,W05,496,67,2025-02-04,2025-06-02
P0009,W05,280,64,2025-01-22,2025-05-28
P0034,W03,279,13,2025-04-17,2025-05-21
P0076,W02,11,33,2025-03-24,2025-06-01
P0099,W02,273,43,2025-03-10,2025-05-15
P0035,W03,270,39,2025-02-14,2025-05-21
P0001,W03,491,91,2025-03-24,2025-05-30
P0040,W01,207,28,2025-03-02,2025-05-26
P0064,W02,26,40,2025-04-18,2025-06-05
P0022,W04,71,69,2025-04-11,2025-05-27
P0060,W03,59,69,2025-02-22,2025-05-25
P0064,W04,429,28,2025-03-06,2025-05-31
P0093,W04,472,58,2025-03-03,2025-05-29
P0072,W05,144,72,2025-03-31,2025-05-26
P0011,W02,92,92,2025-02-19,2025-05-27
P0014,W01,308,31,2025-04-08,2025-05-17
P0060,W02,7,33,2025-02-17,2025-06-03
P0030,W04,78,85,2025-04-09,2025-05-09
P0035,W05,26,39,2025-01-19,2025-05-15
P0085,W01,173,67,2025-04-08,2025-05-21
P0037,W03,49,40,2025-04-20,2025-05-12
P0005,W03,499,73,2025-01-19,2025-05-11
P0083,W01,198,28,2025-03-19,2025-05-15
P0078,W03,386,57,2025-01-22,2025-06-06
P0026,W03,348,54,2025-03-20,2025-06-01
P0062,W01,447,64,2025-03-20,2025-05-18
P0004,W02,427,64,2025-03-16,2025-05-10
P0089,W04,180,27,2025-02-05,2025-05-28
P0042,W05,23,72,2025-04-01,2025-06-01
P0089,W03,315,56,2025-02-22,2025-05-14
P0018,W01,377,84,2025-04-05,2025-05-30
P0040,W02,386,66,2025-03-01,2025-05-30
P0072,W04,403,54,2025-01-22,2025-05-10
P0039,W03,45,42,2025-02-18,2025-06-04
P0014,W05,14,26,2025-04-10,2025-05-15
P0032,W04,152,79,2025-04-25,2025-05-15
P0051,W05,221,13,2025-01-16,2025-06-05
P0038,W02,205,29,2025-03-16,2025-05-27
P0097,W02,454,56,2025-01-29,2025-05-21
P0023,W01,272,24,2025-04-27,2025-05-14
P0063,W05,381,79,2025-04-12,2025-05-30
P0015,W05,235,56,2025-03-15,2025-05-20
P0097,W01,339,87,2025-04-10,2025-05-29
P0025,W04,227,84,2025-03-22,2025-05-29
P0017,W05,8,18,2025-01-30,2025-05-18
P0097,W05,165,99,2025-01-23,2025-05-23
P0066,W01,431,25,2025-01-21,2025-05-30
P0078,W05,443,78,2025-02-12,2025-05-23
P0053,W03,318,70,2025-04-11,2025-05-23
P0051,W05,213,19,2025-04-08,2025-05-26
